email,firstName,lastName,nationality,useOfService
ms@thang.com,Miss,Thang,Brit,Both
joe@bloggs.com,Joe,Bloggs,French,Shipper
bo@peep.com,Bo,Peep,Brit,Shipper
d@duck.com,Daffy,Duck,American,Both
b@bunny.com,Bugs,Bunny,American,Shipper
j@puddleduck.com,Jemima,Puddleduck,British,Shipper
